Length,Sequence,Position_1,Position_2,Position_3,Position_4,Position_5,Position_6,Position_7,Position_8,Position_9,Position_10,Position_11,Position_12,Position_13,Position_14,Position_15,Position_16,Position_17,Position_18,Position_19,Position_20,Position_21,Position_22,Position_23,Position_24,Position_25,Position_26
559,AGCTACCCCAGGGATAACAGCGCAATCTCC-(21)-GGAGGTTTACGACCTCGATGTTGGATCAGGACATCCTAGTGGTG-----GCTACTAAGGGTTCGTTTGTTCAACGATTAA------TACGTGATCTGAGTTCAGACCGGAG------AGGTCGGTTTC-(19)-CCAGTACGAAAGGA-(100)-GCTAGCGTGGCAGAG-(14)-AAGGCTTAAG-(9)-CAGAGGTTCAA-TCCTCTCCCTAGC,2388,2394,2394,2396,3579,3642,3619,2394,3638,3600,3595,2396,2397,2388,2389,2390,2401,2400,3594,2393,2399,3632,3637,2785,2601,2771
457,AGAAACTTAGG-----TAAACCGAAGGCCTTCAAAGCCTTAA-(13)-CTCTTAGTTTCTG-(49)-CTTTAATTAAGCTAG-(13)-AGATGGGCTT-(124)-GATAAGAAGAGG-(15)-AAAAGGACTACAGCCTAACGC-(11)-GCCATCTTACC,5027,5041,5041,5041,6222,6297,6276,5049,6282,6249,6245,5044,5041,5033,5047,5048,5045,5060,6254,5041,5053,6277,6282,5435,5252,5422
367,GAATTAATGCT--AATGAGTAAC-(23)-AGCTTACATC---ACATTATTAACAA-(44)-TTGTTAACCC-(17)-AAGAAAGATT-----CTGTAAAAGGAACT-(10)-AAGGCCCGACTGTTTACCAAAAACATAGCCT,15775,1752,1752,1757,2937,3000,2977,1752,2995,2958,2953,1753,1753,1746,1746,1747,1758,1758,2952,1750,1757,2990,2995,2143,1959,2127
147,CAAACTGGGATTAGATACCCCACTATGCC--GCCCTAAATCTTGATG-(14)-GCATCCGCCCGAGAACTACGAGCAC-AACGCTTAAAACTCTAAGGACTTGGCGGTG,504,500,500,500,1685,1731,1727,501,1744,1705,1705,501,500,502,503,503,500,501,1697,502,501,1743,1748,891,711,878
174,AACGGCCGCGGTATCCT-(9)-AAGGTAGCGCAATCA-(22)-GTATGAATGGCTAAACGAGGTCTTAACTGTCTCTTACAG-------GTGAAATTGATCT,2015,2023,2023,2025,3208,3271,3248,2023,3266,3229,3224,2024,2026,2017,2018,2019,2029,2029,3223,2022,2027,3261,3266,2414,2230,2399
312,ACCAAGACGTAGCT-----AAAGCATTCAGCTTACACCTGAAA-(105)-AGTATAGG-(34)-ACGTACCGTAAGGGAA-GATGAAATA-(23)-AGCAAAGA,1048,1042,1042,1047,2227,2294,2266,1042,2283,2247,2244,1043,1040,1042,1041,1041,1044,1045,2239,1047,1043,2282,2287,1432,1248,1417
228,GGAAATGTGCCTGAA-(44)-CCTCTCATTTCCT-(88)-AAGCTATCGGGCCCATACCCCGAAAATGATGGTT,3772,3785,3785,3789,4966,5040,5020,3793,5026,4993,4986,3788,3791,3776,3791,3792,3788,3797,4991,3786,3796,5021,5026,4179,3996,4166
203,TAGCAAGAA-(41)-GCGAGCTAC-(21)-AACCCGTCTCTGT-GCAAAAGAGTGGGA-(15)-GGTGAAAAGCCAA,1326,1322,1322,1327,2507,2574,2548,1324,2565,2527,2524,1323,1320,1321,1321,1322,1326,1327,2521,1325,1325,2563,2568,1712,1527,1695
218,TACCGCCGTC-(59)-GACAGGTCAAGGTATAGC-(15)-AATGGGCTACATTT-(44)-AAGGCGGATTTAG,702,699,699,699,1884,1930,1926,700,1943,1904,1904,700,699,701,702,702,700,701,1897,704,700,1942,1947,1090,910,1077
1108,AGAAAGGAAGGA-(17)-TGGTTTCAAGCCAACCGCA-(10)-ATGCTTCTTTCT-(985)-TGACCATGAAC,6924,6944,6944,6944,8125,8201,8179,6952,8185,8151,8148,6947,6944,6936,6952,6953,6948,6964,8159,6944,6959,8185,8191,7338,7155,7336
207,GTTAGTT-(11)-TATACATGCAAGTATCCGC-(96)-CCCCACGG-(19)-ATTAAGCAAT,92,91,91,91,1275,1322,1317,91,1335,1297,1295,91,91,92,92,92,91,91,1286,91,91,1334,1339,481,300,467
181,TGTGCCAGCCACCGCGGTCA-(8)-ACCCAAATTAAC-(131)-CCACGAAAGC,316,310,310,310,1494,1541,1536,310,1553,1515,1514,310,309,311,312,312,308,311,1506,311,311,1552,1557,700,520,687
115,AGAAGACCCTGTGGAACTT-(77)-GGTTGGGGCGACCTTGGAG,2171,2179,2179,2181,3364,3427,3404,2179,3422,3385,3380,2180,2182,2173,2174,2175,2185,2185,3379,2178,2183,3417,3422,2570,2386,2555
67,ACAGCTCCTTTAAAAA-(16)-AGCGGATAA-(18)-TGTGGGCC,1583,1577,1577,1582,2761,2827,2801,1577,2819,2781,2777,1577,1575,1575,1574,1575,1581,1582,2776,1576,1580,2817,2822,1967,1782,1950
54,AAGTCGTAA-AAGGTAAGTGTACCGGAAGGTG,1006,1000,1000,1005,2185,2252,2224,1000,2241,2205,2202,1001,998,1000,999,999,1002,1003,2197,1005,1001,2240,2245,1390,1206,1375
50,CACTGAAGATGT-(27)-ACAAAAGACTT,27,26,26,26,1210,1257,1252,26,1270,1232,1230,26,26,26,27,27,26,26,1221,26,26,1269,1274,416,235,402
18,CCTAGAGGAGCCTGTTCT,632,629,629,629,1814,1860,1856,630,1873,1834,1834,630,629,631,632,632,629,630,1826,632,630,1872,1877,1020,840,1007
18,GGTGATAGCTGGTTGCCT,1476,1470,1470,1475,2655,2721,2695,1471,2712,2675,2670,1471,1468,1469,1469,1470,1474,1475,2669,1471,1473,2711,2716,1860,1675,1843
384,ACACGAGG-(356)-AAACATTAGA,11282,11296,11296,11297,12479,12551,12534,11308,12537,12503,12503,11301,11294,11290,11308,11311,11295,11326,12519,11301,11310,12542,12549,11692,11508,11691
13,TGACATGTCCATC,15616,16304,16305,16306,730,731,717,16309,731,726,733,16295,16299,16295,16333,16335,16324,16359,737,16309,16352,709,710,16676,16507,16684
11,CCAAGCTACCC,9152,2391,2391,2393,3576,3639,3616,2391,3635,3597,3592,2393,2394,2385,2386,2387,2398,2397,3591,2390,2396,3629,3634,2782,2598,2768
11,GATGCACTTTG,15714,16397,16398,16399,823,824,810,16402,824,819,826,16388,16392,16388,16426,16428,16417,16452,830,16401,16445,801,802,16770,16600,16777
10,CAAAAGCAGG,2144,2152,2152,2154,3337,3400,3377,2152,3395,3358,3353,2153,2155,2146,2147,2148,2158,2158,3352,2151,2156,3390,3395,2543,2359,2528
10,CTCACGAGAA,15323,16032,16032,16031,457,457,445,16035,458,453,457,16018,16026,16021,16045,16047,16037,16070,448,16020,16062,434,435,16403,16233,16410
10,CTTGGTGCAA,11809,11823,11823,11824,13006,13077,13061,11835,13064,13029,13030,11828,11821,11817,11834,11838,11822,11853,13046,11828,11837,13069,13076,12219,12035,12218
10,CTTGACTTAG,277,272,272,272,1456,1503,1498,272,1515,1478,1477,272,272,273,274,274,270,273,1468,273,273,1515,1520,662,482,649
10,CTGTACAAAA,8902,2147,2147,2149,3332,3395,3372,2147,3390,3353,3348,2148,2150,2141,2142,2143,2153,2153,3347,2146,2151,3385,3390,2538,2354,2523
10,CCAAACCCAC,11158,620,620,620,1805,1851,1847,621,1864,1825,1825,621,620,622,623,623,620,621,1817,623,621,1863,1868,1011,831,998
10,GTTAGTCTAA,9895,9908,9908,9909,11091,11163,11146,9920,11149,11116,11115,9913,9906,9899,9920,9923,9907,9938,11131,9914,9922,11154,11161,10304,10120,10303
9,ACCTTACTG,4441,83,83,83,1267,1314,1309,83,1327,1289,1287,83,83,84,84,84,83,83,1278,83,83,1326,1331,473,292,459
9,AATCCAAGT,1971,11832,11832,11833,13015,13086,13070,11844,13073,13038,13039,11837,11830,11826,11843,11847,11831,11862,13055,11837,11846,13078,13085,12228,12044,12227
9,ATACCGCCG,701,698,698,698,1883,1929,1925,699,1942,1903,1903,699,698,700,701,701,699,700,1896,703,699,1941,1946,1089,12559,1076
9,CAAGTATTG,1975,1984,1984,1986,3169,3232,3209,1984,3227,3190,3185,1985,1985,1978,1979,1980,1990,1990,3184,1983,1988,3222,3227,2375,2191,2360
9,CTCTTGACA,4640,16300,16301,16302,726,727,713,16305,727,722,729,16291,16295,16291,16329,16331,16320,16355,733,16305,16348,705,706,16672,16503,16680
9,CCCAAGCCA,15089,15994,15994,15993,419,419,407,15997,420,415,419,15980,15988,15983,16007,16009,15999,16032,410,15982,16024,396,397,16365,16195,16372
9,TAAGCAATG,13461,255,255,255,1439,1486,1481,255,1498,1461,1460,255,255,256,257,257,253,256,1451,256,256,1498,1503,645,465,632
9,GATTTAGCA,1322,866,866,866,2050,2119,2093,867,2109,2071,2070,867,865,867,868,868,868,869,2065,872,867,2108,2113,1257,1077,1244
8,AAGACGAG,996,2173,2173,2175,3358,3421,3398,2173,3416,3379,3374,2174,2176,2167,2168,2169,2179,2179,3373,2172,2177,3411,3416,2564,2380,2549
8,ATCCTGTG,9943,306,306,306,1490,1537,1532,306,1549,1511,1510,306,305,307,308,308,304,307,1502,307,307,1548,1553,696,516,683
8,TTTAAAGG,11766,1565,1565,1570,2749,2815,2789,1565,2807,2769,2765,1565,1563,1563,1562,1563,1569,1570,2764,1564,1568,2805,2810,1955,1770,1938
8,GAAGGTGA,3411,1992,1992,1994,3177,3240,3217,1992,3235,3198,3193,1993,1993,1986,1987,1988,1998,1998,3192,1991,1996,3230,3235,2383,2199,2368
8,GTGGTCGG,15631,16184,16184,16185,609,610,597,16187,610,605,612,16173,16178,16174,16211,16213,16201,16236,614,16186,16228,587,588,16555,16386,16562
8,GTGCACTT,1035,6636,6636,1034,2214,2281,2253,1029,2270,2234,2231,1030,1027,1029,1028,1028,1031,1032,2226,1034,1030,2269,2274,1419,1235,1404
7,AGAGTGC,15583,1666,1666,1671,2851,2915,2891,1666,2909,2872,2867,1667,1667,1664,1662,1663,1671,1672,2866,1665,1671,2906,2911,2057,1873,2041
7,AGCCAGG,1471,490,490,490,1675,1721,1717,491,1734,1695,1695,491,490,492,493,493,490,491,1687,492,491,1733,1738,881,701,868
7,GAGAATT,1750,1750,1750,1755,2935,2998,2975,1750,2993,2956,2951,1751,1751,1744,1744,1745,1756,1756,2950,1748,1755,2988,2993,2141,1957,2125
7,GCCAGGG,15593,491,491,491,1676,1722,1718,492,1735,1696,1696,492,491,493,494,494,491,492,1688,493,492,1734,1739,882,702,869
7,GCTGGGT,15298,1466,1466,1471,2651,2717,2691,1467,2708,2671,2666,1467,1464,1465,1465,1466,1470,1471,2665,1467,1469,2707,2712,1856,1671,1839
